idx,usage,english,french,ground_truth_label
1,select,The precautionary principle must therefore apply in the absence of scientific certainty.,.,1
2,select,Before leaving this area I would add that we agree with the rapporteur that the existing internal audit function must be maintained pending the establishment of the new independent internal audit service in a matter of months.,"Une réponse sérieuse aux dénonciations, une confidentialité au stade de départ et une protection de la carrière seront garanties pour ceux qui signaleront des dysfonctionnement de bonne foi et qui ne compromettront pas les enquêtes par des révélations inopportunes.",1
3,select,"It is the Cypriot Government, Mr President-in-Office, not the government of Nicosia.","Quant au montant qui figure dans le rapport Brok - 130 millions d'euros - je tiens à déclarer, au nom du groupe libéral, que nous devons d'abord négocier le volume de ce montant.",1
4,select,"I recommend that Lisbon Summit take three decisions in this regard: firstly, on a strategy for lifelong learning, with the establishing of an agenda for eradicating child poverty, both financial and intellectual impoverishment; secondly, on preparing European society for the European research area; thirdly, on implementing a working methodology and coordination procedure which is open and based on our social and economic policies, and is accompanied by concerted assessment of our national plans.",Pourquoi ?,0
5,select,What are the weaknesses in the current eco-label regulation which have given rise to today' s unsatisfactory situation?,"L'expérience du système Svanen (le cygne), qui a cours dans les pays nordiques et est lui-même inspiré du Blauer Engel (l'ange bleu) allemand, montre que l'étiquetage environnemental des produits est un moyen très important et efficace pour obtenir de nos concitoyens qu'ils modifient leurs habitudes de consommation et achètent selon des critères écologiques.",1
6,select,"The new INTERREG programme, in the form in which we have received it, takes into consideration the needs engendered by enlargement to the countries of Eastern and Central Europe and to island regions and most remote regions.","En favorisant une coopération transfrontalière, transnationale et interrégionale, cet instrument transversal est l' incarnation même d' une politique régionale de dimension européenne favorable à un aménagement harmonieux et équilibré du territoire communautaire.",1
7,select,I believe that the principle of relative stability is a fundamental legal principle of the common fisheries policy and a proposal to subvert it would be legally inadmissible.,"À mon sens, le principe de stabilité relative est un principe juridique fondamental de la politique commune de la pêche et toute proposition le bouleversant serait juridiquement irrecevable.",1
8,select,"This is why it was justifiable to set up a system of aid to this sector with the aim of ensuring the survival of successful businesses, even if this was in contradiction of Article 4 of the ECSC Treaty.","L'espace rural doit vraiment être considéré comme une ressource dans laquelle il faut investir de plus en plus, en incitant les jeunes à rester dans les régions rurales pour en éviter la destruction économique et sociale.",0
9,select,"Women are the prime victims of armed conflicts but are under-represented in peace-keeping efforts, conflict resolution and reconstruction work.",EXPLICATIONS DE VOTE,0
10,select,I hope that this proposal will be another important step in this direction and that is why I especially want to thank the rapporteur Mrs Myller for her valuable work.,La Commission examinera la question de savoir si d'autres propositions de ce type doivent être faites à l'OMI et si des actions internationales sont nécessaires en matière d'émission provenant d'avions.,1
11,select,That is important.,VOTES,0
12,select,"That is why I will only believe that there is any point to having this debate today if what we are all saying today, and what the Commissioner has announced here, actually leads to legislation being produced; in other words, if you all go and say to your Heads of Government and Ministers: ""you must push this through in the Council of Ministers"" .","Naturellement, nous avons besoin de navires à double coque.",1
13,select,(The sitting was closed at 12.25 p.m.),"B5-0159/2000 des députés Gasòliba i Böhm et Sánchez García, au nom du groupe du parti européen des libéraux démocrates et réformateurs, sur les incidents racistes et xénophobes à El Ejido (Espagne) ;",0
14,select,Does section 11(1) conceivably authorise the following practice.,"Par exemple, comment combiner les tentatives visant à briser l' isolement social et la discrimination quasi généralisée des Roms avec la préservation de l' identité Rom ?",0
15,select,"We do need to obtain, from the Commission and the Council, in other words from each of the governments forming the Union, a clear, positive or negative, political stance. They must indicate whether they are ready to defend, within competent public bodies such as the International Monetary Fund in the first instance, the appropriateness of such a tax within the other instruments needed to stabilise the international monetary system.",Produits de cacao et de chocolat (suite),0
16,select,McCarthy report (A5-0026/2000),"Madame la Présidente, on a beaucoup parlé, ces derniers temps, de l'élargissement de l'Union européenne.",0
17,select,"That is the same as a single, medium-sized, German opera house' s expenditure over the same period, when here in Europe this sum has been earmarked for 29 countries over a period of five years!","Madame la Présidente, celui qui a l'honneur, comme moi, de présider la commission de la culture ne peut que partager les remarques des divers collègues et féliciter le rapporteur, la commissaire, Mme Reding, avec qui il a travaillé et ceux qui, également lors de la conciliation, ont connu des difficultés et qui ont lutté contre le Conseil, comme vous l'avez entendu.",1
18,select,"Finally, I would like to conclude this speech by drawing attention to the set of measures already adopted in the Council of the European Union and the various Community actions it has implemented.",Voilà pour l'aspect politique.,0
19,select,VOTE,On a parlé de la défense de ces droits de l' homme et je voudrais insister à présent sur l' idée que la proclamation des droits de l' homme a pour corollaire la possibilité de son exercice.,0
20,select,The European Parliament has relayed their concerns and they have been heard.,Rapport Stenzel (A5-0034/2000),1
21,select,Welcome,"la contribution des projets soutenus à la durabilité des activités socio-économiques, et par conséquent à la création d' emplois.",1
22,select,"I just want to outline some of the issues that we, as Socialists, have put down as amendments.","Même si nous n'entendons rien d'autre, nous savons que les reformes que nous attendons vont dans la bonne direction.",1
23,select,We therefore respect whatever Parliament may decide.,"Par conséquent, nous respectons les décisions que pourrait prendre le Parlement dans ce sens.",1
24,select,"Now, finally, the EU' s position is, of course, such that we can achieve high growth and seriously take up the fight against unemployment without jeopardising objectives such as price stability and a balanced budget.",J'espère aussi que le vote ne sera pas un coup dans l'eau et deux points sont tout à fait essentiels pour moi à cet égard.,0
25,select,"In principle, I believe that in many cases where transport is concerned we should be working towards increased flexibility and country-specific rules.","Une UE flexible qui se concentre sur des domaines moins nombreux, mais essentiels et qui respecte les différences nationales et les démocraties nationales a plus de chances d'englober beaucoup plus de pays.",0
26,select,CITES,La Commission multiplie les interventions diplomatiques pour parvenir au nombre de ratifications qui lui permettrait de jouer un rôle plus actif dans le cadre de la CITES.,1
27,select,.,"En réalité, il s'agit de renforcer le pouvoir exécutif, de développer les annexions au libéralisme des pays de l'Est et de relancer la militarisation de l'Europe en augmentant notamment les budgets militaires.",1
28,select,"It is clear that we must redefine the role of Europe in the world economy, creating a competitive Europe, opening the way to new and better jobs and organising this process with an appropriate strategy for social cohesion.","Si la Commission Delors nous a conduit de l'Acte unique au Traité sur l'Union et à un vaste élargissement de la Communauté européenne, j'espère que la Commission Prodi sera la Commission de l'Europe sociale, la Commission qui veillera à ce que le développement économique ne s'accompagne pas de discriminations sociales mais de progrès social.",0
29,select,Obviously we all have different approaches which is demonstrated by our debate and the motions for a resolution tabled at the beginning.,"Face à cette mondialisation néolibérale, sous la domination des marchés financiers, l'exigence, dont notre demande témoigne, grandit, d'une autre idée du monde selon laquelle la loi commune serait celle que dicte le devoir de solidarité dans un monde de plus en plus interdépendant.",1
30,select,"We must therefore welcome the fact that the Helsinki European Council put an end to the speculation and stated in its conclusions, and I quote, that ""If no settlement has been reached by the completion of accession negotiations, the Council' s decision on accession will be made without the above being a precondition"" .","De ce point de vue, l' autre décision d' Helsinki, à savoir la reconnaissance de la candidature de la Turquie à l' Union, confère aux Quinze une responsabilité nouvelle en même temps qu' elle lui offre des possibilités nouvelles. Son dialogue avec Ankara peut et doit, à mes yeux, intégrer la volonté déterminée d' obtenir de la Turquie qu' elle montre vis-à-vis du dialogue entre les deux communautés chypriotes une attitude constructive, respectueuse de la légalité internationale et permettant d' aboutir à une Chypre réunifiée et à la paix en Méditerranée orientale.",1
31,select,Duff/Voggenhuber report (A5-0064/2000),"La plupart d'entre eux traduisent de fait des différences politiques entre nous sur l'opportunité et sur l'efficacité des aides d'État, compte tenu des insuffisances, reconnues ou non, des seuls investissements privés, market failures ou insuffisances du marché.",0
32,select,- This report calls for drastic cuts in the level of illegal state aid dished out by some Member States.,"À mes yeux, les aides État illicites ne constituent rien de plus qu'un dumping social soutenu par l'État.",1
33,select,This claim that your report makes must be seen in the context of last spring' s negotiations.,"La Commission s' est tenue au texte même de l' article 10 du règlement général des Fonds structurels, qui prévoit que ces orientations ont pour ambition de fournir aux États membres des orientations indicatives générales, fondées sur les politiques communautaires pertinentes et convenues.",1
34,select,I hope my proposal will be taken into consideration in tomorrow' s vote.,J' espère que ma proposition sera prise en considération lors du vote de demain.,1
35,select,"This was in contrast to the majority opinion held in the Committee on Regional Policy, Transport and Tourism.","Proposition de résolution (B5-0142/2000) déposée par les députés Hautala, Lannoye et Maes, au nom du groupe Verts/ALE, sur les objectifs stratégiques 2000-2005",0
36,select,"Recently, the immunity of a former Commissioner was lifted and proceedings are currently pending before a judge in Brussels on the basis that Brussels is the seat of the Community institutions.","Madame la Présidente, je voudrais conclure en disant que pour ce qui est de la résolution dont j'ai vu un projet, la Commission attend le vote et déterminera sa position en fonction du résultat de celui-ci.",0
37,select,Mr Rapkay' s report also emphasises the importance of the international dimension with regard to competition law.,"À mon avis, il serait bon de dégager au niveau international un consensus sur certains principes fondamentaux de la concurrence.",1
38,select,Resumption of the session,"À la suite de la demande qui m' a été adressée en ce sens par plusieurs groupes politiques et à la suite de la réunion de la Conférence des présidents que nous venons d' avoir, je vous propose d' inscrire un débat d' une heure et demi sur un problème d' actualité, urgent et d' importance majeure, conformément à l' article 50 de notre règlement, portant sur la réaction de l' Union à l' égard des négociations de gouvernement en Autriche.",1
39,select,"As far as the second proposal is concerned, the ideas of Amendments Nos 24, 25, 29, 30, 41 and some parts of 27, which contain sensible suggestions, can be adopted, again formulated appropriately.",La Commission doit maintenant nous présenter un programme de réformes plus ambitieuses et plus fondamentales.,0
40,select,But we also recognise that some of the practices are outdated.,"M. Cashman a dit, et il a raison en un sens, que les mots ne remplacent pas l'action réelle.",0
41,select,"Mr President, at the beginning of his first intervention, Mr Haarder said that Europe did not invent human rights, and that is true.","À la lumière des changements survenus dans la composition de la commission ""Droits de l'homme"", on estime que le vote sur la motion de non interférence sera serré.",0
42,select,We are badly behind now in this matter.,Nous sommes maintenant très en retard.,1
43,select,They are given out to create jobs and to kick-start the regions.,Voilà de quoi il s'agit.,1
44,select,"Whatever system is adopted, ultimately the cost will be passed on to the consumer.","En demandant aux consommateurs d' assurer la moitié du coût de la reprise des véhicules hors d' usage, comme le stipule l' amendement 38, alors que la position commune demande que la totalité de la reprise soit à la charge du producteur, pour la première fois, le Parlement ne se présenterait pas comme le garant de la défense des consommateurs et des citoyens européens, il deviendrait en quelque sorte une caisse de résonance des lobbies.",1
45,select,"We oppose Amendment No 15, concerning the creation of an environmental monitoring union, as this is in our opinion a question of internal Commission organisation which should not be addressed through a regulation.","Dans ce domaine précis, les contributions de la Commission et du Conseil ne doivent pas être réduites car cela irait plutôt à l'encontre du but recherché.",1
46,select,"I hope that the European Commission too, will protest in the strongest terms to the Russian authorities.","Comme Monsieur Bonde le soulignait à juste titre, dans l'Union européenne le flux des informations doit passer librement des institutions à l'ensemble des citoyens.",1
47,select,"We want none of your compromise chocolate, we are too familiar already with the Federalist recipe.",Cela me semble inacceptable.,1
48,select,Firstly he talked about verification.,". (SV) La Commission est d'accord avec M. le député pour penser que le traitement dont font l'objet, à l'heure actuelle, dans l'Union européenne, les déchets électriques et électroniques, provoque des problèmes environnementaux importants.",1
49,select,"While in theory this may meet the need for concentration and therefore the efficiency of interventions, we cannot help wondering whether the current situation of the Objective 1 zones allows, in practice, a policy of integrated interventions, for which an operational instrument to coordinate the appropriations is necessary.","On n'a pas estimé correctement l'importance de l'instrument de la subvention globale qui pourrait s'avérer fort utile au rééquilibre entre les zones urbaines et rurales en conférant, en outre, la dignité qui s'impose aux organismes locaux qui, par leur autonomie, pourraient définir des conditions de développement territorial comprenant des délais plus courts, contribuant ainsi aux efforts de réforme des fonds structurels et aux objectifs d'efficacité, de concentration et d'assouplissement administratif.",1
50,select,"Mr President, Commissioner, in the capacity of rapporteur for the directive on port reception facilities, one of whose objectives is the prevention of marine pollution, I would like to make a few observations which occurred to me on matters which, to my mind, were not sufficiently dealt with at the Green Shipping Conference in Hamburg which everyone attended.","B5-0280/2000, du député Salafranca Sánchez-Neyra, au nom du groupe PPE-DE ;",0
51,select,This latter point is of particular importance.,Ce point est d'une extrême importance.,1
52,select,"Where we do, too little of it is converted into market product and services.","Possible si l'on s'attaque aux causes véritables, qui sont pour nous indissociables de la dérive néolibérale dont sont empreintes les orientations fondamentales, notamment dans le domaine macro-économique, et qui sont attestées par la priorité accordée au pacte de stabilité et aux critères de convergence nominale et, partant, par le fait de reléguer la cohésion sociale à l'arrière-plan, celle-ci s'accompagnant généralement d'une déréglementation complète du travail, de l'encouragement des privatisations, fusions et délocalisations, habituellement génératrices de chômage, mais aussi d'une politique budgétaire profondément restrictive sur les plans communautaire et national.",1
53,select,So do you have a feeling about how these discussions may develop in the IGC?,"On voit bien à travers ces sujets qui touchent au marché intérieur - sécurité sociale ou fiscalité - et à son bon fonctionnement qu' il y aurait là un lieu légitime d' expression, de prise de position du Parlement européen.",0
54,select,"Mr President, Commissioner, we are debating a directive which is extremely - I repeat extremely - rigorous.",Cela signifie que nous voulons disposer d'un système efficace.,1
55,select,Question No 113 by (H-0251/00):,"L'Union européenne me semble enfin sortie de la vieille logique paternaliste, et pour tout dire, néocolonialiste, des bailleurs de fonds qui se transforment volontiers en donneurs de leçons, selon une formule chère à notre ami Michel Rocard.",0
56,select,New types of funds have been introduced in the various Member States which are not permitted to market their units in other Member States.,.,1
57,select,What of course characterises the present draft framework decision is the fact that the Member States' obligations are laid down in detail. There is no freedom of choice regarding methods and implementation.,On a fait observer que cette décision-cadre relève précisément du droit pénal.,1
58,select,"Experience has shown that the old monopolies cannot provide the type of efficient service which, as customers, we are all entitled to expect.","Monsieur le Président, nous sommes favorables à la libéralisation des services postaux dans l'Union européenne.",1
59,select,"In the middle of an election campaign, a series of authorities, all of them run by the party in government, made clearly electioneering speeches which, furthermore, were broadcast live on television.","Objet : Monopole de l'alcool et marché intérieur Quelles mesures la Commission compte-t-elle prendre pour empêcher que la Suède ne maintienne, comme elle en a manifestement l' intention, son monopole d' état de l' alcool et partant, les restrictions à l' importation correspondantes, de manière à faire prévaloir ainsi les règles du marché intérieur ?",1
60,select,"In 1999, the Commission also presented its contribution towards a European action plan to combat drugs, which underpins the strategy approved by the Helsinki European Council.","Si le Parlement soutient ces modifications du rapport aujourd'hui, celles-ci nous feront, je pense, passer à la phase suivante de la poursuite des objectifs historiques pour lesquels ces fonds ont été créés, à savoir l'aide ­ qui doit être financièrement soutenable ­ aux régions démunies de l'Union européenne, qu'il nous faut porter à un niveau de vie décent, non pas en leur donnant l'aumône mais en les stimulant.",0
61,select,We are also envisaging the establishment of a European food authority by 2002 as an essential complement to the new food safety regime.,La Commission estime qu'il est nécessaire d'opérer des changements structurels majeurs dans notre système de sécurité alimentaire pour faire en sorte que soit réalisé le double objectif consistant à garantir les normes les plus élevées en matière de sécurité alimentaire et à restaurer la confiance des consommateurs.,1
62,select,An appropriate statute and the right of movement and settlement for residents of non-EU countries is something which the Spanish People' s Party has been advocating for some time.,Rapport McCarthy (A5-0026/2000),1
63,select,"In conclusion, while welcoming Commission approval for LEADER+, I am concerned about the time delay between the ending of LEADER II and the commencement of the new programme.","EQUAL est un programme très difficile car il tente de regrouper nombre d'anciens programmes, tout en ayant un regard neuf et en étant moins bien doté que les fonds précédents.",1
64,select,Stenzel report (A5-0034/2000),Ce qui s'est passé à El Ejido relève de pratiques racistes et xénophobes inadmissibles dans l'Europe d'aujourd'hui.,0
65,select,Question No 5 by (H-0785/99):,"Par conséquent, il est également indiqué de mettre l'ensemble des initiatives européennes au banc d'essai de l'Europe électronique, c'est-à-dire concrètement ...",0
66,select,"Madam President, my habit is always to be here for the opening of the part-session on Monday afternoons at 5.00 p.m.","Tout à fait, Monsieur Napolitano, je vous remercie.",1
67,select,What decisions have been taken to balance the financial cost of agreements with the North and South?,N'est-ce pas toutefois la tâche préalable de la Commission européenne d'inciter les deux États membres concernés à appliquer la politique de report modal vers le rail et de les convaincre de trouver un accord pour la réouverture de cette ligne ?,1
68,select,There should be greater involvement of the private sector which will introduce financial reality as a perspective within the funding equation.,"Il faudrait davantage impliquer le secteur privé, qui introduira la perspective de la réalité financière dans l'équation de financement.",1
69,select,"It is crucial for us that it should be possible for this Intergovernmental Conference to be concluded before the end of the year 2000 so that there are no remaining formalities, such as the weighting of votes in the Council of Ministers and the composition of the Commission and the European Parliament, which place obstacles in the way of the enlargement of the EU.",". Avec l'ouverture de la prochaine CIG, le processus de l'Union européenne est à nouveau d'actualité.",1
70,select,We just need a bit more time to work out the details on the asylum question and I would therefore request that the vote be postponed from this morning.,"En effet, cette initiative a fait l'objet d'une discussion assez animée au sein de la commission et, puisqu'il s'agit d'une proposition importante de la Commission qui se rapporte aux accords arrêtés l'année dernière, je pense qu'elle est acceptable.",1
71,select,"Women, who constitute more than half of the population, are heavily under-represented within political, economic and social fields.","Au delà de l' équité entre les sexes, il y a donc des raisons sérieuses qui plaident en faveur d' une répartition juste et équilibrée des charges publiques et du pouvoir politique et économique entre hommes et femmes.",1
72,select,In the future it will be possible to have programmes not only in the individual zones eligible for structural aid but in all the regions of the EU.,"De cette manière, Leader+ et les autres programmes du règlement 1257/99 peuvent davantage mettre en relief le deuxième pilier de la PAC et exercer l' influence la plus bénéfique possible sur l' ensemble de l' espace rural.",1
73,select,"Madam President, I did not want to disturb you a minute ago during the vote.",Rapport Brok (A5-0029/2000),1
74,select,"There is a genuine need for this, given the suspicion with which our fellow citizens approach these new tools.","La question est donc de savoir si, au vu de ces développements révolutionnaires, de nouvelles structures en matière de cogestion des employés et en matière de consultation et d'aménagement ne sont pas nécessaires.",1
75,select,"I also regret the fact that we had an extremely short period to work in, as the text was examined in parliamentary committee on 24 November last year and then on 26 January. I further regret the fact that neither the regions, nor the representative regional organisations were involved in framing the programme.","C' est la raison pour laquelle nous proposons, depuis le Parlement européen, l' adoption de mesures urgentes qui s' attaquent à tous les facteurs impliqués et qui soient d' application immédiate : le respect des droits de l' homme, de la tolérance et du multiculturalisme, l' augmentation des budgets et des lignes d'actions en matière sociale et sanitaire.",0
76,select,"We already plan to reform the existing disciplinary procedures to ensure thoroughness, fairness, consistency and professionalism.",Un rôle important que la commission devra jouer sera de donner des conseils en matière d'éthique et de normes et de superviser les codes de conduites communs et particuliers des institutions.,1
77,select,"This is a very important social debate in the creation of a European area in which the right to freedom, security and justice will be recognised in the future Charter of Fundamental Rights.",Agirez-vous en vue d'une politique commune concernant le droit d'asile et l'immigration ?,0
78,select,"It is not very easy in coastal areas anywhere in the Union to defend the European Union in the whole area of fisheries, but I have been defending them on the grounds that decisions are made on properly based scientific knowledge.","Concernant la seconde partie de cet amendement, il est important de dénombrer et d' identifier beaucoup mieux les pertes d' emploi dans le secteur.",0
79,select,"Finally, the amendment tabled by the rapporteur is perfectly logical and I can, therefore, give it my wholehearted support.","Pour conclure, l'amendement proposé par le rapporteur est on ne peut plus logique et je le soutiens avec joie.",1
80,select,"However, I would now like to look at the areas of difference between Parliament's Committee on the Environment and the Council.",Un refus de modifier la directive serait un mauvais signal lancé à l'industrie européenne ainsi qu'à la population européenne.,1
81,select,"Lastly then, Europol, which started its work in 1999. The Council approved a set of instruments, with which Parliament is familiar, to make Europol' s operations viable but, of course, the fundamental issues of democratic control and judicial control of Europol still remain, and these are issues which have naturally taken on a new dimension in view of the political decision taken in Tampere to reinforce Europol' s powers and, above all, to give it an operational dimension.","Ensuite, je voudrais remercier Mme Anna Terrón d'avoir posé la question qui donne lieu au premier débat annuel de cette législature sur la création d'un espace de Liberté, Sécurité et Justice ; je voudrais remercier aussi tous les députés qui ont participé activement, au sein des différentes commissions, à la préparation de ce débat annuel, ainsi que les représentants des parlements nationaux et de la société civile.",1
82,select,"There are also courts in Karlsruhe, London, Lisbon, Dublin and Edinburgh.",(Applaudissements prolongés),1
83,select,"However, today' s debate has revealed that it does have shortcomings, such as the failure to make an adequate connection between economic liberalisation and the guarantee of the respect of human and democratic rights, the rights of trade unions and rights in the area of child employment. The report also contains an alarming derogating clause regarding the origin of products, which will obviously penalise European produce, in particular in the textiles, clothing and footwear industries.","Monsieur le Président, Monsieur le Commissaire Liikanen, Mesdames et Messieurs les Députés, sur le fond, l'initiative e-Europe de la Commission Européenne doit en principe être vivement saluée.",1
84,select,There is no room for amendments.,Les modifications n'ont pas lieu d'être.,1
85,select,The conclusions of the Theato report safeguard them perfectly.,"Monsieur le Président, comme l'a dit Mme Theato, c'est un rapport critique.",1
86,select,"Throughout the negotiations, they were of great help and it must be said that the difficult and occasionally tiresome negotiations were nonetheless completed in record time.",Résolution Jackson (B5-0227/2000),0
87,select,Question No 9 by (H-0169/00):,Les questions no 10 à 38 recevront une réponse écrite.,1
88,select,"And here the High Representative for the CFSP, Mr Solana, ought to play a more active role in achieving adequate guarantees for the Sahrawi people through an active presence and direct participation in the stages of the peace process and the referendum.","Simultanément, le peuple sahraoui se trouve aujourd' hui dans des conditions précaires ; c' est même la survie physique des habitants qui est menacée.",1
89,select,"After shellfish, the slump is now affecting crustacean sales.","Dans ces conditions, à l'instar de l'ensemble des membres du groupe Verts/ALE, j'ai voté contre la proposition de modification de la directive 1, et je me suis abstenue à propos de la proposition de modification de la directive 2.",0
90,select,VOTE,"C' est certainement trop court, trop limité et trop peu.",0
91,select,"Now what is going to happen if we retain a ceiling of 700, bring in 26% more population over time, and then adopt the Commission' s, I think ill-considered, proposition, that there should be a European list of candidates.","Tel est le débat et c'est vers cela que tendra toute discussion portant sur la conférence intergouvernementale, son ordre du jour et sa méthode.",1
92,select,") Mr President, I believe we totally agree with Mrs Attwooll' s statement at the beginning of her excellent report that these two Commission proposals, intended to shed more light on the scientific and socio-economic situation of the fisheries sector, come at a critical time.","Comme on l'a aussi déjà souligné ici, beaucoup de ces données revêtent également un caractère confidentiel car elles concernent la compétitivité même des secteurs impliqués et de leurs entreprises.",1
93,select,"This House therefore proposes the adoption of urgent measures encompassing all the relevant factors and to be applied immediately. We must ensure respect for human rights, tolerance and multiculturalism and we must obtain an increase in budgets and action lines for social and health issues.","En recevant, hier, une délégation de l'association de défense des droits de l'homme autrichienne, mais aussi en observant ce qui s'est passé dans la province d'Almería, on comprend aisément qu'on pouvait prévenir la résurgence de ces haines racistes.",1
94,select,"The report comes just after agreement has been reached on the renewal of the existing Lomé Convention, which expires at the end of this month.",D' autant plus que la fragile architecture de cette construction ambitieuse a été menacée.,1
95,select,"After almost forty years of being in force, these rules were beginning to show signs of exhaustion. For this reason, modernisation was essential.","Une modernisation s'imposait, dès lors, de toute urgence et s'avérait particulièrement nécessaire sur cinq points : le régime d'autorisation, l'application décentralisée, les règles de procédure, l'application judiciaire et le formalisme excessif.",1
96,select,"In consequence, I seek some small adjustments to the guidelines to provide a little more flexibility and to accommodate the ways in which the interests of maritime areas can fall between strand A and strand B. These adjustments include clarifying the possibilities for cooperation between maritime areas and permitting greater development of practical and visible projects, particularly those of an infrastructural kind.",". (EL) Monsieur le Président, je me réjouis de voir que le programme URBAN s' oriente vers une approche plus intégrée et essaie de résoudre des problèmes qui sont liés les uns aux autres.",1
97,select,"It is extraordinary what decisions we took in Sintra concerning 2004, 2005, 2006.","De cette connivence pour ainsi dire structurelle vous êtes vous-même d'ailleurs, Monsieur Solana, en votre personne, une parfaite illustration, passant sans rupture de l'OTAN à la PESC comme si c'était la même chose, mais à la vérité, c'est la même chose.",1
98,select,"The measures taken from time to time in the past have been fragmentary and therefore ineffective, and such provisions as have been made were dictated by parallel policies such as consumer protection, environmental policy, transport policy, taxation policy, etc., which very often are not only no help to tourism but on the contrary make it more difficult, since their introduction has usually entailed costs for the tourism industry without regard to its ability to bear them or its incentives to cope with them.","En d' autres termes, est-il possible que la Commission présente de nouvelles initiatives afin de voir si ­ un peu comme la goutte d' eau qui érode la roche ­, grâce aux efforts continus de la Commission et du Parlement, nous pouvons convaincre le Conseil qu' il faut faire quelque chose dans ce domaine ?",1
99,select,"We are all Austrians because the European Union is a single entity in terms of rights and citizenship, and I would like to have the same rights in Austria that Austrian citizens should have in my country.","Merci, Monsieur le Commissaire Patten.",0
100,select,I would therefore once more ask you to ensure that we get a Dutch channel as well.,Je vous demande donc à nouveau de faire le nécessaire pour que nous puissions disposer d'une chaîne néerlandaise.,1
101,select,My country' s place is not outside the European Union but in it ...,"(Applaudissements, protestations)",1
102,select,"In fact, shortly after the Maastricht Treaty was ratified, you spoke in favour of strengthening European values, creating a European ethical dimension and opening the Union to the countries of central and eastern Europe.","Merci, Monsieur le Président.",1
103,select,That is why I want to highlight some of the issues that I believe the Commission must have at the forefront.,"C'est pourquoi je voudrais souligner certains points que la Commission devrait, d'après moi, placer au premier plan.",1
104,select,"Firstly, there is the concern that some have expressed, in particular Mrs Randzio-Plath, President of the Committee on Economic Affairs, of whether this new system of legal exception is absolutely compatible with the Treaty.",Je partage leur inquiétude et pense que nous devons examiner cet aspect.,1
105,select,"The proposal of the ATT 3 project, which is well known to the Commission, deviates from the route established in the guidelines of the Trans-European Network.","En première lecture, nous avions encore exigé une expiration progressive des labels nationaux au profit du label écologique. Notre changement d' opinion n' est pas dénué de fondement.",1
106,select,"As with many other provisions of the Treaty, Articles 81(1) and 82 have, after all, been applied for decades by national authorities and judges, and I do not feel that this has created serious problems.","Madame la Vice-présidente de la Commission, je voudrais savoir, s'il est vrai qu'un État membre pose des problèmes, de quel État il s'agit et le type de problèmes qu'il pose.",0
107,select,The Union' s economic and social policy is just as much to blame for that as its regional policy.,Tout cela est à imputer tant à la politique régionale qu'à la politique économique et sociale plus générale de l'Union.,1
108,select,I can also assure Parliament that all observations made here today will be fully taken into account.,M. Kindermann et Mme Auroi ont soulevé cette question.,1
109,select,"Rather than concentrating on protecting minorities, we should be building the concept of European citizenship involving common values. We should be concentrating on building a common future for everyone and a society in which everyone can develop and which totally rejects any hint of submission to barbarism.",(Applaudissements à droite),1
110,select,.,Le second amendement vise à réduire à deux ans la période d'application des mesures transitoires.,0
111,select,"At this time when we are voting on a joint resolution against the inclusion of neo-Nazis in the government of a European Union Member State, I must express my regrets regarding a compromise text which is particularly lacking in backbone.",C' est typiquement le genre de politique dont les citoyens disent : mais que fait donc Bruxelles ?,0
112,select,It is not a lot to ask.,Ce n' est pas demander beaucoup.,1
113,select,"But we also say: we want to defend this European Community of tolerance, which is why a common foreign, security and defence policy is so important.",C' est bien ce à quoi nous voulons tous contribuer.,0
114,select,"In other words, accession should not be held hostage to a political solution.","La solution du problème chypriote ne saurait être un préalable à l' adhésion de Chypre à l' Union, comme l' a rappelé M. Poos.",1
115,select,". (DA) We oppose, on principle, the European Community' s entering into treaties on copyright law on behalf of the Member States.",C' est en contradiction avec les valeurs européennes et certainement avec les valeurs parlementaires dont il est si souvent question dans cette Assemblée.,1
116,select,And where does the right to life come in?,"Monsieur le Président, pourquoi les droits de l'homme restent-ils tellement à la traîne par rapport aux progrès de l'humanité ?",1
117,select,"Mr President, the Group of the Greens/European Free Alliance believes that the European Parliament' s decision to rush headlong into giving its opinion on the Intergovernmental Conference undermines the political significance of the request for talks with the Council, and in the end, makes it rather irrelevant.",C'est pourquoi notre groupe est favorable à la Conférence intergouvernementale.,1
118,select,We propose a procedure like the Luxembourg process.,Je pense que c'est une bonne proposition.,1
119,select,"Report (A5-0064/2000) by Mr Duff and Mr Voggenhuber, on behalf of the Committee on Constitutional Affairs, on the drafting of a European Union Charter of Fundamental Rights (C5-0058/1999 - 1999/2064(COS))","La Commission réitère, une fois de plus, l'idée qu'il est souhaitable que la Charte englobe à la fois les droits civils et politiques comme des droits sociaux et découlant de la citoyenneté européenne, des droits octroyés sur la base de la Convention européenne des droits de l'homme.",0
120,select,It is therefore also being requested that ISO 9002 certificates possibly include the finer details of these activities in the form of annual reports and company analyses.,"Pour cette raison, on demande que ces activités soient développées sous la forme de rapports annuels, d'analyses d'entreprises et qu'elles soient éventuellement reprises dans des certificats ISO 9002.",1
121,select,We want the ECB to be able to pursue its main objective of safeguarding price stability in total independence - including material independence.,"Cela a été demandé à l' occasion du traité de Maastricht, cela a été demandé à l' occasion du traité d' Amsterdam.",0
122,select,Question No 43 by (H-0045/00):,Il est clair que les activités qui se sont déroulées à cet endroit sont en infraction flagrante avec les directives européennes.,1
123,select,KFOR and the UNMIC police consider one of their two main tasks to be preventing any form of maltreatment on the grounds of a person' s ethnic origin.,"Malheureusement, ces derniers temps, nous assistons à la disparition de toutes les minorités - Serbes, Roms, Turcs, Croates, - du Kosovo et l'on se demande ce qui va se passer.",1
124,select,"Finally, in this time of natural disasters, I would just like to mention the issue of the use of Structural Funds.","Enfin, en cette période de catastrophes naturelles, je voudrais tout de même évoquer la question de l'emploi des Fonds structurels.",1
125,select,Andersson report (A5-0033/2000),C'est une conséquence naturelle de la coopération au sein de l'UE.,0
126,select,This goes to show just how topical this subject is.,"Déjà aujourd' hui, la société de l' information fabrique des réseaux sociaux, développe de nouvelles expériences culturelles, suscite des lieux de débats politiques et d' opinion.",0
127,select,Berend Report (A5-0107/1999),Ce fait se trouve évidemment à l'origine d'une réduction sensible du niveau du PIB par habitant de l'Union.,1
128,select,". (DA) Tourism is a significant source of international understanding and an important part of the labour market, which ought to be promoted and encouraged.","Monsieur le Président, Mesdames et Messieurs, je voudrais vous remercier sincèrement pour ce débat, que j' ai globalement ressenti comme encourageant et qui montre que cette Assemblée approuve largement la politique des États membres et de la Commission.",0
129,select,"We also consider it impossible to combat racism, antisemitism or xenophobia without making people into citizens and without detaching them, at least in political terms, from their membership of ethnic groups, or minorities to use the current term. We are seeing the re-emergence of this minority concept, not only in various reports of the Committee on Citizens' Freedoms and Rights, Justice and Home Affairs, but also, very dangerously, in our own policies, such as that conducted in Kosovo.","C'est à bon droit que nous critiquons les violations des droits de l'homme et les discriminations dans les pays candidats, que ce soit en Turquie ou dans certains pays d'Europe orientale, pour ce qui est des Roms et d'autres minorités, mais c'est précisément pour cela que nous devons avoir un comportement exemplaire en matière de droits de l'homme au sein de l'Union européenne.",1
130,select,"People have the gall to say they benefit from the Lomé Convention, but even looking at trading relations alone, the Lomé Convention has done nothing to protect those countries; their already feeble share in trade with Europe has been halved.","Dans quelques semaines, l' Assemblée paritaire ACP-UE se réunira à nouveau et je suis convaincu que ce sujet sera traité à cette occasion.",1
131,select,"I understand that there is no argument about the fact that the Council declaration, on the next sitting of the United Nations Commission on Human Rights, is not going to include the declaration on the 50th anniversary of the Geneva Conventions, and that this declaration has been proposed for the plenary part-session in March, so that it may be delivered in a solemn and formal way.",b) Séances des 1er et 2 mars 2000 à Bruxelles,1
132,select,Jackson resolution (B5-0227/2000),Les conservateurs britanniques sont au premier rang de ceux qui s'efforcent d'améliorer les droits de l'homme un peu partout dans le monde.,1
133,select,Resumption of the session,"Ce matin, la BBC a rapporté qu'un député britannique de cette Assemblée, qui occupe un poste élevé au sein de sa délégation, continue de fournir des conseils stratégiques à des clients privés sans déclarer toutefois au registre des intérêts financiers de qui il s'agit.",1
134,select,"Mr President, first I want to compliment the rapporteur, Charlotte Cederschiöld, on drawing up this report, which is an excellent point of departure for increasing protection by penal sanctions against counterfeiting in connection with the introduction of the euro.","En outre, cette nouvelle question m'a amené à solliciter les commentaires du président de l'Office de l'harmonisation dans le marché intérieur, c'est-à-dire le bureau d'Alicante, et je peux donc communiquer à l'honorable parlementaire, au nom de l'Office, les éléments suivants :",0
135,select,Question No 42 by (H-0026/00):,"Nous avons besoin d'un corps d'intervention civile au Kosovo, aujourd'hui, pour surveiller ce qui se passe, pour dire aux militaires, aux policiers, ce qu'ils doivent faire, sinon c'est tout ce que nous avons fait en Bosnie, tout ce que nous avons fait au Kosovo, qui sera contredit par la réalité d'un pays qui s' enfonce de plus en plus dans la violence.",0
136,select,(Applause),Nous avons également été des contributeurs substantiels à l'aide au développement via le programme TACIS en faveur de l'Arménie.,0
137,select,Statement by the High Representative for Common Foreign and Security Policy,"Je suis dès lors d'avis que l'invitation expresse reprise au point quatorze du rapport Belder, et qui appelle à la poursuite des mesures d'intégration de la minorité russe, n'est pas nécessaire.",0
138,select,"Therefore, Madam President, I would ask you to request that the Commission express its opinion on this issue and that we then proceed to the vote.","Je vous prie dès lors, Madame la Présidente, de demander à la Commission de s'exprimer maintenant et que l'on procède ensuite au vote.",1
139,select,"Moreover, I have taken note of the request made by the Committee on Economic and Monetary Affairs to codify the entire text, once it has been approved - Amendment No 7 of the first proposal and Amendment No 22 of the second proposal.",C' est pourquoi l' ancrage législatif du principe de l' égalité de traitement reste nécessaire sur toute la ligne.,0
140,select,Let me give you three examples.,"Déjà lors de l' autre période de session, j' ai demandé à ce que la question soit discutée et cela me surprend que l' on ait pu passer un mois sans que nos amis socialistes ne s' accordent avec nous sur une motion, parfaitement acceptable, étant donné que nous en partageons les bases fondamentales.",0
141,select,It is therefore too early to say what should be legally binding.,C' est pourquoi nous interpellons la Commission avec cette résolution claire et nette l' invitant à mettre au point des instruments concrets.,0
142,select,Davies report (A5-0062/2000),"Monsieur le Président, par le biais de la consolidation de directives existantes, cette directive-cadre établit les principes de base pour une politique durable de l'eau au sein de l'union européenne.",0
143,select,"Madam President, on a point of order.","Madame la Présidente, c'est une motion de procédure.",1
144,select,Therefore Europe must be clearly committed to the Kyoto Protocol and make specific proposals.,"50, c'est exactement le niveau de développement de la région où j'habite, les Açores, l'une des régions définies comme ultrapériphériques dans les Traités.",0
145,select,"Thank you, Mr van Velzen.",Rapport McNally (A5-0082/1999),1
146,select,"Mr President, the proposal we are discussing has a huge amount of advantages, mainly in the interests of preventing waste and encouraging re-use, the recovery and recycling of components and the recovery of materials, etc. I think we have tabled a sound proposal.","Certaines entreprises sont devenues des entreprises de pointe car elles sont à même de recycler certains matériaux, parfois même des matériaux qui ne sont pas encore repris dans la directive.",1
147,select,"We must make a rapid, strong and united response.",Il faut donc réagir vite.,1
148,select,"Health care, child care and care of the elderly are clear examples of areas which are not obviously transnational.","À lire la communication de la Commission sur la protection sociale, animée de tant et de si bonnes intentions, on se demande si ses rédacteurs et les travailleurs européens vivent sur le même continent, dans la même réalité sociale.",1
149,select,Why?,"Face aux doutes que j' ai exprimés, le Président en exercice s' est toutefois engagé, dans le prolongement de ma question supplémentaire, à m' adresser, avant l' heure des questions de février, une lettre détaillant en quels lieux et selon quelles modalités ces informations étaient librement accessibles au public.",1
150,select,What exactly do you intend to liberalise?,"Si la Commission disposait d' éléments convaincants, prouvant, expérience à l' appui, qu' il faut aller plus loin dans la libéralisation, nul ne doute qu' elle les présenterait sans tarder.",1
151,select,Questions to Mr Bolkestein,"Cela dit, il faut se faire à l'idée qu'il y a de manière permanente des élections dans tous les pays de l'Union.",1
152,select,"I admit that, at present, the matter seems to be somewhat confused.","Je vous avouerai que, pour le moment, les choses me semblent un petit peu confuses.",1
153,select,"We know that waste incineration is a very difficult and highly technical area, but I think that a creditable piece of work has been done in connection with this report.","Malheureusement, notre société de consommation contribue à accroître le volume des déchets ménagers et les déchets industriels suscitent de plus en plus d'inquiétude.",1
154,select,I recognise the relevance of the arguments that Mr Souladakis has put forward.,", Commission. (EL) Voici un mois, la Commission a soumis une proposition pour l'égalité de traitement en matière d'emploi, conformément à la prescription du Traité concernant l'application de l'article 13.",0
155,select,"However, the Commission believes that the process of drafting the charter must yield a clear and concise text perfectly accessible to the European public, but which is also drafted in rigorous legal terms that can be accepted as legally binding.",Voilà le premier point que je voulais préciser.,1
156,select,Careful reading of the joint position will show that most of the concerns behind these amendments have been taken into consideration but following the structure of the regulation.,"Un point me semble vraiment essentiel, le fait que plusieurs propositions d'amendement - comme, par exemple, les propositions d'amendement 2 et 4 - soulignent la participation active des populations forestières et de la population indigène.",1
157,select,"Mr President, I welcome much, indeed most, of what has been said in this debate.","Comme tout le monde dans cette Assemblée, j'aspire à cet espace de liberté, de justice et de sécurité, mais je ne veux pas qu'il débouche sur une centralisation à outrance, le chaos et la confusion.",1
158,select,I would also ask the Commission to ensure that the environmental pillar of the EU' s policy is integrated into the projects submitted and that the goal of reducing CO2 for example forms an experimental added value in the projects proposed.,"Oui ou non, confirmez-vous l' accord qui a été pris par vos services en commission des budgets ou relâchez-vous cette conditionnalité, ce qui serait une rupture d' engagement vis-à-vis de nous ?",0
159,select,"Would the rapporteur be so kind as to inform us whether his version is the authentic version, for, if so, the meaning is the complete opposite to the Italian.",.,0
160,select,"Maritime Europe and the CFP must today demonstrate that, in addition to imposing constraints on fishermen, it is not unfamiliar with the concept of solidarity.",M. Swoboda a dit que nous devions donner à nos concitoyens l'impression d'une maison où ils se sentent vraiment chez eux et je lui donne raison.,0
161,select,"The most important amendment to the Commission proposal is the inclusion, as recommended by the rapporteur, of genetically-modified organisms in the directive on additives, taking the compromise negotiated between Parliament and the Commission on authorisation for GMOs outside the scope of the release directive as the starting point.","Certes, cinq des neuf types d'antibiotiques dont l'adjonction aux aliments pour animaux était initialement autorisée sont aujourd'hui interdits, mais il est extrêmement important que l'on interdise les quatre types restants.",1
162,select,"Mr President, before I came here for today' s sitting, I was watching Finnish television.","Continuons cette conquête et que ce nouveau siècle nous apporte la victoire, non pas sur les hommes, ni sur personne : la victoire de l'égalité entre les hommes et les femmes.",1
163,select,"This is why it is useful for the European Union to continue to support the Member States and, if necessary, give additional support under URBAN.","Madame la Présidente, au terme de ce débat extrêmement intéressant, je pourrais peut-être expliquer la répartition des tâches ou le partage du travail au sein de la Commission.",0
164,select,Question No 5 by (H-0158/00):,L'Union européenne a un besoin urgent de règles en matière de responsabilité environnementale.,0
165,select,The Heads of State and Government underlined that the joint policies on immigration and asylum to be developed on the basis of the Amsterdam Treaty should be founded on principles which are clear to the people and which offer guarantees to those seeking protection in the European Union or requesting access to its territory.,Eurodac,1
166,select,The question is: who prosecutes?,Qui est responsable lorsqu'on a à faire avec une structure qui traverse tant de frontières ?,1
167,select,"As another Member said, we must have a general debate on Angola and not just on the situation of certain journalists suffering repression in this country.",C' est pourquoi notre groupe restera aussi proche que possible de la position commune et ne modifiera en rien les points essentiels de cette position commune.,0
168,select,I agree with Mr Schulz.,"Naturellement, le domaine de l' éducation est également important et il convient d' apporter de grandes améliorations à l' éducation des enfants des immigrés et des Tziganes.",1
169,select,"Members of this House should not in these circumstances be in the least surprised that in these discussions, people in Scotland and other such countries are asking whether enlargement should not also take the form of admitting new Member States from within existing ones.","Pour avoir écouté M. le Premier ministre Guterrez, le ministre des Affaires étrangères, et vous-même, j' ai cette confiance dans l' ambition de la présidence portugaise et la manière très volontariste dont elle conduira cette négociation.",0
170,select,"Since I have been given the opportunity, let me confirm that one of the Commission proposals is to associate codecision directly to all measures decided by qualified majority as soon as legislative measures are involved.","Là encore, indépendamment de considérations idéologiques, nous avons redistribué les paragraphes de ce nouvel article 137 pour faire passer dans le champ de la majorité qualifiée tout ce qui touche, nous semble-t-il objectivement, au bon fonctionnement du marché intérieur : sécurité sociale et protection sociale des travailleurs, protection des travailleurs en cas de résiliation du contrat de travail, représentation et défense collective des intérêts des travailleurs et des employeurs, y compris la cogestion, les conditions d'emploi des ressortissants de pays tiers se trouvant en séjour régulier sur le territoire de la Communauté, et les contributions financières visant à la promotion de l'emploi et la création d'emplois sans préjudice des dispositions du Fonds social.",1
171,select,"Another matter we would like to address, specifically from the point of view of industrial policy, is that we would have liked the Commission to pay more attention to the effects of services, electronic commerce and the growing use of the Internet, when they were planning the coordination of Structural Funds and Cohesion Funds.","Le deuxième point sur lequel nous voulions attirer l' attention, précisément dans l' optique de la politique industrielle, c' est que nous aurions souhaité qu' en réfléchissant à la coordination des Fonds structurels et du Fonds de cohésion, la Commission attache une plus grande attention à l' incidence de la progression des services, du commerce électronique et de l' utilisation de l' Internet.",1
172,select,"Mr President, the Council and, I think, the Portuguese Presidency in particular, are extremely aware of the importance of the problems Mr Gallagher' s question raises and I would like to say that we have always paid the utmost attention to Community policies for the development of rural areas.",(Le Parlement marque son accord),0
173,select,We must leave raw materials so that local manufacturers can process them.,Rapport Ferrer (A5-0066/2000),0
174,select,The second recommendation in this report relates to assessing the legitimacy of the investigative measures undertaken by OLAF in the various European institutions.,"Sur ce point, je suis tout à fait d'accord avec le comité de surveillance et le rapporteur.",1
175,select,"As I have already said, we intend to present the communication before the end of the year, and we also intend to analyse, not only the particular issues affecting the sensitive areas, but also the possible concrete solutions in the field of more suitable infrastructures, funding, use and safety.","Évidemment, dans tous les cas de figure, l'élément ""impact environnemental"", compte tenu qu'il s'agit d'une zone sensible, comme je le disais un peu plus tôt en parlant d'un problème dans les Pyrénées, est un des éléments clés au moment de déterminer le projet concret et d'assurer le suivi de la réalisation même de ce projet.",1
176,select,"And that means statements and instruments, making all the instruments we have at our disposal available to help bring this process of self-determination to a satisfactory conclusion, assist Mr Baker, support the United Nations, call on the parties to respect the terms of the international resolutions and set in motion essential humanitarian cooperation.","B5-0276/2000, des députés Rod et autres, au nom du groupe Verts/ALE ;",1
177,select,Cederschiöld report (A5-0020/2000),"Cela équivaut à rendre parfaitement légal un système d' écoute européen, à l' instar de l' opération d' espionnage transatlantique ""Echelon"".",1
178,select,"Mr President, Commissioner, the proposal presented by the Commission, in accordance with its mandate, is a reasonable starting point for the Committee on Agriculture and Rural Development.","Monsieur le Président, Monsieur le Commissaire, Mesdames et Messieurs les Députés, la proposition présentée par la Commission, remplissant ainsi son mandat, est, de l'avis de la commission de l'agriculture et du développement rural, un point de départ raisonnable.",1
179,select,"However, it is still the responsibility of the Member States' management authorities to select the projects to be implemented within these CSFs.","Objet : Les fonds structurels et l'additionnalité À la lumière de la réponse utile récemment apportée par la Commission à ma question écrite prioritaire relative aux fonds structurels et à l' additionnalité, je souhaiterais savoir si la Commission envisage de faire modifier la réglementation en matière d' additionnalité.",1
180,select,Another new theme in the ACP-EU agreement is migration.,"Sans doute tous ces aspects ne manqueront pas d'apporter des contributions importantes au renforcement du rôle des politiques de développement dans le contexte de la politique extérieure de l'Union européenne, en ce qui concerne sa mise en uvre et son développement.",0
181,select,Employment issues are at present the core concern regarding tourism.,"Si nous pouvons éliminer les obstacles et diminuer le coût de création d'une entreprise, faciliter l'accès au financement et modifier l'attitude de la société pour qu'elle ait un esprit d'entreprise plus positif, je suis sûr que le secteur du tourisme sera le premier à en bénéficier.",1
182,select,Will the Commission remain silent?,"Objet : Financement par les fonds structurels de la recherche dans le domaine du nucléaire civil La Commission peut­elle confirmer que dans la dernière période de programmation des fonds structurels 1994­1999, aucun soutien n'a été alloué à la recherche dans le domaine de la fusion et de la fission nucléaire ?",1
183,select,"All these complex problems undermine the quality of life for our urban residents, yet we have the potential in these areas to create growth and prosperity.","La Commission doit donc fournir une information complète et transparente sur les critères de sélection utilisés pour les nouvelles initiatives urbaines, mais elle doit aussi fournir une information complète sur les réseaux de consultance utilisés pour réaliser les échanges de bonnes pratiques.",1
184,select,"This amendment is completely unacceptable and inappropriate as it seeks not only to retain the requirement for immediate compulsory slaughter of all fish but also to prevent any fish, whether diseased or not, from an affected farm from being sold and I must emphasise that under current policy no diseased fish are sold.","Un autre danger existe pour l' environnement aussi, car cette maladie est transmise aux poissons sauvages, comme nous l' avons vu.",1
185,select,The amendment to the directive is consequently in full accordance with the principle of subsidiarity; the Member States obtain more powers.,"Ce faisant, la modification de la directive s'inscrit pleinement dans l'esprit de subsidiarité ; les États membres bénéficiant de compétences accrues.",1
186,select,I agree with Mr Martínez when he stressed the importance of providing adequate protection and support for victims.,"Comme la commission pour l'emploi et les affaires sociales le souligne dans son avis, il est par conséquent nécessaire que la Commission tienne compte des synergies à utiliser dans pareil contexte, évitant par là même les doublons en terme de projets de financement.",0
187,select,"As Mr Simpson has said very correctly, this is a process which we can never take for granted or regard as having come to an end.","Comme l'a très bien dit M. Simpson, il ne faut jamais considérer que le processus est acquis, qu'il a abouti.",1
188,select,"Finally, although these measures are needed to guarantee social peace in our Member States, we must recognise that the fight against illegal immigration must be strengthened and the protection of the rights of the victims of the criminal networks organising such immigration must be guaranteed. Particular attention must be paid to the situation of women' s and children' s rights.",(Vifs applaudissements),0
189,select,The Group of the Party of European Socialists requests that a Commission statement be included on its strategic objectives for the next five years and on the administrative reform of the Commission.,"Le groupe socialiste demande d' inclure une déclaration de la Commission sur ses objectifs stratégiques pour les cinq ans à venir, ainsi que sur la réforme administrative de la Commission.",1
190,select,"Before an answer can be given, the following questions at least must be considered:","Les Pays-Bas offrent un modèle exemplaire dans le cadre duquel les automobiles sont traitées comme le veut la directive et la question de savoir si c'est à l'acheteur d'un véhicule neuf ou aux constructeurs de payer pour les véhicules actuellement en circulation n'a rien, strictement rien à voir avec l'écologie ; c'est une pure question de concurrence.",0
191,select,It is clear from some of the reports that have been presented to Parliament' s plenary sitting today that Europe' s 25 most prosperous regions enjoy a level of unemployment which is five times lower than in the 25 least prosperous regions.,"Dans certains rapports présentés aujourd'hui devant le Parlement, il apparaît clairement que les 25 régions européennes les plus prospères comptent cinq fois moins de chômeurs que les 25 régions les moins prospères.",1
192,select,I will give some examples shortly.,"Par exemple, la Commission, dans ses orientations à long terme, dit que l' objectif du développement durable doit se traduire en une solidarité forte, soutenue par une politique commerciale tenant compte des intérêts communs.",1
193,select,"I believe now is the right time for us to think back once again to a proposal put forward in this Chamber by a former fellow MEP of ours, Tom Spencer. He suggested that rather than giving storms the names of men or women, we should name them after the perpetrators of the greenhouse effect - he proposed the oil companies at the time.","Monsieur le Président, je tiens moi aussi à féliciter le rapporteur, Mme Cederschiöld, pour le travail très sérieux qu' elle a réalisé.",0
194,plot,The precautionary principle must therefore apply in the absence of scientific certainty.,.,1
195,plot,Before leaving this area I would add that we agree with the rapporteur that the existing internal audit function must be maintained pending the establishment of the new independent internal audit service in a matter of months.,"Une réponse sérieuse aux dénonciations, une confidentialité au stade de départ et une protection de la carrière seront garanties pour ceux qui signaleront des dysfonctionnement de bonne foi et qui ne compromettront pas les enquêtes par des révélations inopportunes.",1
196,plot,"It is the Cypriot Government, Mr President-in-Office, not the government of Nicosia.","Quant au montant qui figure dans le rapport Brok - 130 millions d'euros - je tiens à déclarer, au nom du groupe libéral, que nous devons d'abord négocier le volume de ce montant.",1
197,plot,"I recommend that Lisbon Summit take three decisions in this regard: firstly, on a strategy for lifelong learning, with the establishing of an agenda for eradicating child poverty, both financial and intellectual impoverishment; secondly, on preparing European society for the European research area; thirdly, on implementing a working methodology and coordination procedure which is open and based on our social and economic policies, and is accompanied by concerted assessment of our national plans.",Pourquoi ?,0
198,plot,What are the weaknesses in the current eco-label regulation which have given rise to today' s unsatisfactory situation?,"L'expérience du système Svanen (le cygne), qui a cours dans les pays nordiques et est lui-même inspiré du Blauer Engel (l'ange bleu) allemand, montre que l'étiquetage environnemental des produits est un moyen très important et efficace pour obtenir de nos concitoyens qu'ils modifient leurs habitudes de consommation et achètent selon des critères écologiques.",1
199,plot,"The new INTERREG programme, in the form in which we have received it, takes into consideration the needs engendered by enlargement to the countries of Eastern and Central Europe and to island regions and most remote regions.","En favorisant une coopération transfrontalière, transnationale et interrégionale, cet instrument transversal est l' incarnation même d' une politique régionale de dimension européenne favorable à un aménagement harmonieux et équilibré du territoire communautaire.",1
200,plot,I believe that the principle of relative stability is a fundamental legal principle of the common fisheries policy and a proposal to subvert it would be legally inadmissible.,"À mon sens, le principe de stabilité relative est un principe juridique fondamental de la politique commune de la pêche et toute proposition le bouleversant serait juridiquement irrecevable.",1
201,plot,"This is why it was justifiable to set up a system of aid to this sector with the aim of ensuring the survival of successful businesses, even if this was in contradiction of Article 4 of the ECSC Treaty.","L'espace rural doit vraiment être considéré comme une ressource dans laquelle il faut investir de plus en plus, en incitant les jeunes à rester dans les régions rurales pour en éviter la destruction économique et sociale.",0
202,plot,"Women are the prime victims of armed conflicts but are under-represented in peace-keeping efforts, conflict resolution and reconstruction work.",EXPLICATIONS DE VOTE,0
203,plot,I hope that this proposal will be another important step in this direction and that is why I especially want to thank the rapporteur Mrs Myller for her valuable work.,La Commission examinera la question de savoir si d'autres propositions de ce type doivent être faites à l'OMI et si des actions internationales sont nécessaires en matière d'émission provenant d'avions.,1
204,plot,That is important.,VOTES,0
205,plot,"That is why I will only believe that there is any point to having this debate today if what we are all saying today, and what the Commissioner has announced here, actually leads to legislation being produced; in other words, if you all go and say to your Heads of Government and Ministers: ""you must push this through in the Council of Ministers"" .","Naturellement, nous avons besoin de navires à double coque.",1
206,plot,(The sitting was closed at 12.25 p.m.),"B5-0159/2000 des députés Gasòliba i Böhm et Sánchez García, au nom du groupe du parti européen des libéraux démocrates et réformateurs, sur les incidents racistes et xénophobes à El Ejido (Espagne) ;",0
207,plot,Does section 11(1) conceivably authorise the following practice.,"Par exemple, comment combiner les tentatives visant à briser l' isolement social et la discrimination quasi généralisée des Roms avec la préservation de l' identité Rom ?",0
208,plot,"We do need to obtain, from the Commission and the Council, in other words from each of the governments forming the Union, a clear, positive or negative, political stance. They must indicate whether they are ready to defend, within competent public bodies such as the International Monetary Fund in the first instance, the appropriateness of such a tax within the other instruments needed to stabilise the international monetary system.",Produits de cacao et de chocolat (suite),0
209,plot,McCarthy report (A5-0026/2000),"Madame la Présidente, on a beaucoup parlé, ces derniers temps, de l'élargissement de l'Union européenne.",0
210,plot,"That is the same as a single, medium-sized, German opera house' s expenditure over the same period, when here in Europe this sum has been earmarked for 29 countries over a period of five years!","Madame la Présidente, celui qui a l'honneur, comme moi, de présider la commission de la culture ne peut que partager les remarques des divers collègues et féliciter le rapporteur, la commissaire, Mme Reding, avec qui il a travaillé et ceux qui, également lors de la conciliation, ont connu des difficultés et qui ont lutté contre le Conseil, comme vous l'avez entendu.",1
211,plot,"Finally, I would like to conclude this speech by drawing attention to the set of measures already adopted in the Council of the European Union and the various Community actions it has implemented.",Voilà pour l'aspect politique.,0
212,plot,VOTE,On a parlé de la défense de ces droits de l' homme et je voudrais insister à présent sur l' idée que la proclamation des droits de l' homme a pour corollaire la possibilité de son exercice.,0
213,plot,The European Parliament has relayed their concerns and they have been heard.,Rapport Stenzel (A5-0034/2000),1
214,plot,Welcome,"la contribution des projets soutenus à la durabilité des activités socio-économiques, et par conséquent à la création d' emplois.",1
215,plot,"I just want to outline some of the issues that we, as Socialists, have put down as amendments.","Même si nous n'entendons rien d'autre, nous savons que les reformes que nous attendons vont dans la bonne direction.",1
216,plot,We therefore respect whatever Parliament may decide.,"Par conséquent, nous respectons les décisions que pourrait prendre le Parlement dans ce sens.",1
217,plot,"Now, finally, the EU' s position is, of course, such that we can achieve high growth and seriously take up the fight against unemployment without jeopardising objectives such as price stability and a balanced budget.",J'espère aussi que le vote ne sera pas un coup dans l'eau et deux points sont tout à fait essentiels pour moi à cet égard.,0
218,plot,"In principle, I believe that in many cases where transport is concerned we should be working towards increased flexibility and country-specific rules.","Une UE flexible qui se concentre sur des domaines moins nombreux, mais essentiels et qui respecte les différences nationales et les démocraties nationales a plus de chances d'englober beaucoup plus de pays.",0
219,plot,CITES,La Commission multiplie les interventions diplomatiques pour parvenir au nombre de ratifications qui lui permettrait de jouer un rôle plus actif dans le cadre de la CITES.,1
220,plot,.,"En réalité, il s'agit de renforcer le pouvoir exécutif, de développer les annexions au libéralisme des pays de l'Est et de relancer la militarisation de l'Europe en augmentant notamment les budgets militaires.",1
221,plot,"It is clear that we must redefine the role of Europe in the world economy, creating a competitive Europe, opening the way to new and better jobs and organising this process with an appropriate strategy for social cohesion.","Si la Commission Delors nous a conduit de l'Acte unique au Traité sur l'Union et à un vaste élargissement de la Communauté européenne, j'espère que la Commission Prodi sera la Commission de l'Europe sociale, la Commission qui veillera à ce que le développement économique ne s'accompagne pas de discriminations sociales mais de progrès social.",0
222,plot,Obviously we all have different approaches which is demonstrated by our debate and the motions for a resolution tabled at the beginning.,"Face à cette mondialisation néolibérale, sous la domination des marchés financiers, l'exigence, dont notre demande témoigne, grandit, d'une autre idée du monde selon laquelle la loi commune serait celle que dicte le devoir de solidarité dans un monde de plus en plus interdépendant.",1
223,plot,"We must therefore welcome the fact that the Helsinki European Council put an end to the speculation and stated in its conclusions, and I quote, that ""If no settlement has been reached by the completion of accession negotiations, the Council' s decision on accession will be made without the above being a precondition"" .","De ce point de vue, l' autre décision d' Helsinki, à savoir la reconnaissance de la candidature de la Turquie à l' Union, confère aux Quinze une responsabilité nouvelle en même temps qu' elle lui offre des possibilités nouvelles. Son dialogue avec Ankara peut et doit, à mes yeux, intégrer la volonté déterminée d' obtenir de la Turquie qu' elle montre vis-à-vis du dialogue entre les deux communautés chypriotes une attitude constructive, respectueuse de la légalité internationale et permettant d' aboutir à une Chypre réunifiée et à la paix en Méditerranée orientale.",1
